[{"id":1,"parent_id":0,"title":"Авто и мото","slug":"avto-i-moto","icon":"lni-car","description":"Авто запчасти и транспорт","sort":30},{"id":2,"parent_id":0,"title":"В городе","slug":"v-gorode","icon":"lni-apartment","description":"А я иду, шагаю по Москве","sort":30},{"id":3,"parent_id":0,"title":"Все для дома и сада","slug":"vse-dlya-doma-i-sada","icon":"lni-home","description":"Крутое описание","sort":30},{"id":4,"parent_id":0,"title":"Дети и родители","slug":"deti-i-roditeli","icon":"lni-wheelchair","description":"Игрульки фигульки","sort":30},{"id":5,"parent_id":0,"title":"Животные и комнатные растения","slug":"zhivotnye-i-komnatnye-rasteniya","icon":"lni-firefox","description":"Покажешь свою киску?","sort":30},{"id":6,"parent_id":0,"title":"Игры","slug":"igry","icon":"lni-game","description":"Ещё одну катку","sort":30},{"id":7,"parent_id":0,"title":"Интернет и сайты","slug":"internet-i-sayty","icon":"lni-website","description":"PornHub HD","sort":30},{"id":8,"parent_id":0,"title":"Книги, журналы","slug":"knigi-zhurnaly","icon":"lni-library","description":"Война и мир","sort":30},{"id":9,"parent_id":0,"title":"Компьютеры и программы","slug":"kompyutery-i-programmy","icon":"lni-bug","description":"Программировать? Да как с куста!","sort":30},{"id":10,"parent_id":0,"title":"Красота и здоровье","slug":"krasota-i-zdorove","icon":"lni-spray","description":"Косметика и прочее","sort":30},{"id":11,"parent_id":0,"title":"Одежда и обувь","slug":"odezhda-i-obuv","icon":"lni-tshirt","description":"Чей туфля? ...","sort":30},{"id":12,"parent_id":0,"title":"Подарки и сувениры","slug":"podarki-i-suveniry","icon":"lni-gift","description":"Миллион, миллион алых роз","sort":30},{"id":13,"parent_id":0,"title":"Продукты питания","slug":"produkty-pitaniya","icon":"lni-mashroom","description":"Грибочки ммм","sort":30},{"id":14,"parent_id":0,"title":"Путешествия и туризм","slug":"puteshestviya-i-turizm","icon":"lni-island","description":"На недельку, до второго","sort":30},{"id":15,"parent_id":0,"title":"Работа и заработок","slug":"rabota-i-zarabotok","icon":"lni-investment","description":"Работа не волк","sort":30},{"id":16,"parent_id":0,"title":"Спорт и активный отдых","slug":"sport-i-aktivnyy-otdyh","icon":"lni-basketball","description":"И раз, и два, и три","sort":30},{"id":17,"parent_id":0,"title":"Техника и оборудование","slug":"tehnika-i-oborudovanie","icon":"lni-wheelbarrow","description":"Ни кочегары мы, не плотники","sort":30},{"id":18,"parent_id":0,"title":"Фильмы, видео и ТВ","slug":"filmy-video-i-tv","icon":"lni-video","description":"Москва слезам не верит","sort":30},{"id":19,"parent_id":0,"title":"Финансовые услуги","slug":"finansovye-uslugi","icon":"lni-stats-up","description":"Герман Грефф одобряе","sort":30},{"id":20,"parent_id":1,"title":"Автозапчасти","slug":"avtozapchasti","icon":null,"description":"","sort":30},{"id":21,"parent_id":1,"title":"Автохимия и масла","slug":"avtohimiya-i-masla","icon":null,"description":"","sort":30},{"id":22,"parent_id":1,"title":"Аксессуары для авто","slug":"aksessuary-dlya-avto","icon":null,"description":"","sort":30},{"id":23,"parent_id":1,"title":"Водный транспорт","slug":"vodnyy-transport","icon":null,"description":"","sort":30},{"id":24,"parent_id":1,"title":"Грузовые автомобили","slug":"gruzovye-avtomobili","icon":null,"description":"","sort":30},{"id":25,"parent_id":1,"title":"Дома на колесах","slug":"doma-na-kolesah","icon":null,"description":"","sort":30},{"id":26,"parent_id":1,"title":"Легковые авто","slug":"legkovye-avto","icon":null,"description":"","sort":30},{"id":27,"parent_id":1,"title":"Мото","slug":"moto","icon":null,"description":"","sort":30},{"id":28,"parent_id":1,"title":"Разное","slug":"auto-raznoe","icon":null,"description":"","sort":30},{"id":29,"parent_id":1,"title":"Спецтехника","slug":"spectehnika","icon":null,"description":"","sort":30},{"id":30,"parent_id":1,"title":"Шины и диски","slug":"shiny-i-diski","icon":null,"description":"","sort":30},{"id":31,"parent_id":1,"title":"Электроника для авто","slug":"elektronika-dlya-avto","icon":null,"description":"","sort":30},{"id":32,"parent_id":2,"title":"Автосалоны и авторынки","slug":"avtosalony-i-avtorynki","icon":null,"description":"","sort":30},{"id":33,"parent_id":2,"title":"Автосервисы","slug":"avtoservisy","icon":null,"description":"","sort":30},{"id":34,"parent_id":2,"title":"Автостоянки и паркинги","slug":"avtostoyanki-i-parkingi","icon":null,"description":"","sort":30},{"id":35,"parent_id":2,"title":"Автошколы","slug":"avtoshkoly","icon":null,"description":"","sort":30},{"id":36,"parent_id":2,"title":"Аптеки","slug":"apteki","icon":null,"description":"","sort":30},{"id":37,"parent_id":2,"title":"Базары, рынки, ярмарки","slug":"bazary-rynki-yarmarki","icon":null,"description":"","sort":30},{"id":38,"parent_id":2,"title":"Бани и сауны","slug":"bani-i-sauny","icon":null,"description":"","sort":30},{"id":39,"parent_id":2,"title":"Больницы и клиники","slug":"bolnicy-i-kliniki","icon":null,"description":"","sort":30},{"id":40,"parent_id":2,"title":"Ветеринарные клиники и аптеки","slug":"veterinarnye-kliniki-i-apteki","icon":null,"description":"","sort":30},{"id":41,"parent_id":2,"title":"Гостиницы и приюты домашних животных","slug":"gostinicy-i-priyuty-domashnih-zhivotnyh","icon":null,"description":"","sort":30},{"id":42,"parent_id":2,"title":"Зоопарки, дельфинарии, океанариумы","slug":"zooparki-delfinarii-okeanariumy","icon":null,"description":"","sort":30},{"id":43,"parent_id":2,"title":"Кальянные","slug":"kalyannye","icon":null,"description":"","sort":30},{"id":44,"parent_id":2,"title":"Кинотеатры","slug":"kinoteatry","icon":null,"description":"","sort":30},{"id":45,"parent_id":2,"title":"Клубы по интересам","slug":"kluby-po-interesam","icon":null,"description":"","sort":30},{"id":46,"parent_id":2,"title":"Компании и предприятия","slug":"kompanii-i-predpriyatiya","icon":null,"description":"","sort":30},{"id":47,"parent_id":2,"title":"Магазины и торговые центры","slug":"magaziny-i-torgovye-centry","icon":null,"description":"","sort":30},{"id":48,"parent_id":2,"title":"Музеи и выставки","slug":"muzei-i-vystavki","icon":null,"description":"","sort":30},{"id":49,"parent_id":2,"title":"Музыкальные школы","slug":"muzykalnye-shkoly","icon":null,"description":"","sort":30},{"id":50,"parent_id":2,"title":"Недвижимость","slug":"nedvizhimost","icon":null,"description":"","sort":30},{"id":51,"parent_id":2,"title":"Образование","slug":"obrazovanie","icon":null,"description":"","sort":30},{"id":52,"parent_id":2,"title":"Общественный транспорт и грузоперевозки","slug":"obshchestvennyy-transport-i-gruzoperevozki","icon":null,"description":"","sort":30},{"id":53,"parent_id":2,"title":"Парки аттракционов","slug":"parki-attrakcionov","icon":null,"description":"","sort":30},{"id":54,"parent_id":2,"title":"Парки культуры и отдыха","slug":"parki-kultury-i-otdyha","icon":null,"description":"","sort":30},{"id":55,"parent_id":2,"title":"Разное","slug":"v-gorode-raznoe","icon":null,"description":"","sort":30},{"id":56,"parent_id":2,"title":"Рестораны, бары, кафе","slug":"restorany-bary-kafe","icon":null,"description":"","sort":30},{"id":57,"parent_id":2,"title":"Салоны красоты","slug":"salony-krasoty","icon":null,"description":"","sort":30},{"id":58,"parent_id":2,"title":"Стадионы и спортивные клубы","slug":"stadiony-i-sportivnye-kluby","icon":null,"description":"","sort":30},{"id":59,"parent_id":2,"title":"Театр","slug":"teatr","icon":null,"description":"","sort":30},{"id":60,"parent_id":2,"title":"Торгово-развлекательные центры","slug":"torgovo-razvlekatelnye-centry","icon":null,"description":"","sort":30},{"id":61,"parent_id":2,"title":"Цирки","slug":"cirki","icon":null,"description":"","sort":30},{"id":62,"parent_id":3,"title":"Бассейны для дачи","slug":"basseyny-dlya-dachi","icon":null,"description":"","sort":30},{"id":63,"parent_id":3,"title":"Борьба с насекомыми и грызунами","slug":"borba-s-nasekomymi-i-gryzunami","icon":null,"description":"","sort":30},{"id":64,"parent_id":3,"title":"Бытовая химия","slug":"bytovaya-himiya","icon":null,"description":"","sort":30},{"id":65,"parent_id":3,"title":"Гладильные доски","slug":"gladilnye-doski","icon":null,"description":"","sort":30},{"id":66,"parent_id":3,"title":"Гриль и коптильни","slug":"gril-i-koptilni","icon":null,"description":"","sort":30},{"id":67,"parent_id":3,"title":"Декор для дома и сада","slug":"dekor-dlya-doma-i-sada","icon":null,"description":"","sort":30},{"id":68,"parent_id":3,"title":"Домашний текстиль","slug":"domashniy-tekstil","icon":null,"description":"","sort":30},{"id":69,"parent_id":3,"title":"Мебель","slug":"mebel","icon":null,"description":"","sort":30},{"id":70,"parent_id":3,"title":"Окна и двери","slug":"okna-i-dveri","icon":null,"description":"","sort":30},{"id":71,"parent_id":3,"title":"Посуда и столовые приборы","slug":"posuda-i-stolovye-pribory","icon":null,"description":"","sort":30},{"id":72,"parent_id":3,"title":"Принадлежности для уборки","slug":"prinadlezhnosti-dlya-uborki","icon":null,"description":"","sort":30},{"id":73,"parent_id":3,"title":"Разное","slug":"vse-dlya-doma-i-sada-raznoe","icon":null,"description":"","sort":30},{"id":74,"parent_id":3,"title":"Сад и огород","slug":"sad-i-ogorod","icon":null,"description":"","sort":30},{"id":75,"parent_id":3,"title":"Сантехника","slug":"santehnika","icon":null,"description":"","sort":30},{"id":76,"parent_id":3,"title":"Светотехника и освещение","slug":"svetotehnika-i-osveshchenie","icon":null,"description":"","sort":30},{"id":77,"parent_id":3,"title":"Сигнализации и охрана территории","slug":"signalizacii-i-ohrana-territorii","icon":null,"description":"","sort":30},{"id":78,"parent_id":3,"title":"Строительные материалы","slug":"stroitelnye-materialy","icon":null,"description":"","sort":30},{"id":79,"parent_id":3,"title":"Сушилки для белья","slug":"sushilki-dlya-belya","icon":null,"description":"","sort":30},{"id":80,"parent_id":3,"title":"Фильтры воды","slug":"filtry-vody","icon":null,"description":"","sort":30},{"id":81,"parent_id":3,"title":"Чистка и хранение одежды","slug":"chistka-i-hranenie-odezhdy","icon":null,"description":"","sort":30},{"id":82,"parent_id":4,"title":"Все для школы","slug":"vse-dlya-shkoly","icon":null,"description":"","sort":30},{"id":83,"parent_id":4,"title":"Детская мебель","slug":"detskaya-mebel","icon":null,"description":"","sort":30},{"id":84,"parent_id":4,"title":"Детская сантехника","slug":"detskaya-santehnika","icon":null,"description":"","sort":30},{"id":85,"parent_id":4,"title":"Детские подгузники","slug":"detskie-podguzniki","icon":null,"description":"","sort":30},{"id":86,"parent_id":4,"title":"Детские тренажеры","slug":"detskie-trenazhery","icon":null,"description":"","sort":30},{"id":87,"parent_id":4,"title":"Игровые площадки и развлечения","slug":"igrovye-ploshchadki-i-razvlecheniya","icon":null,"description":"","sort":30},{"id":88,"parent_id":4,"title":"Игрушки","slug":"igrushki","icon":null,"description":"","sort":30},{"id":89,"parent_id":4,"title":"Питание для мам","slug":"pitanie-dlya-mam","icon":null,"description":"","sort":30},{"id":90,"parent_id":4,"title":"Посуда и кормление детей","slug":"posuda-i-kormlenie-detey","icon":null,"description":"","sort":30},{"id":91,"parent_id":4,"title":"Разное","slug":"deti-i-roditeli-raznoe","icon":null,"description":"","sort":30},{"id":92,"parent_id":4,"title":"Средства гигиены","slug":"sredstva-gigieny","icon":null,"description":"","sort":30},{"id":93,"parent_id":4,"title":"Средства наблюдения и контроля","slug":"sredstva-nablyudeniya-i-kontrolya","icon":null,"description":"","sort":30},{"id":94,"parent_id":4,"title":"Транспортировка детей","slug":"transportirovka-detey","icon":null,"description":"","sort":30},{"id":95,"parent_id":4,"title":"Электромобили и мотоциклы","slug":"elektromobili-i-motocikly","icon":null,"description":"","sort":30},{"id":96,"parent_id":5,"title":"Ветеринарные средства","slug":"veterinarnye-sredstva","icon":null,"description":"","sort":30},{"id":97,"parent_id":5,"title":"Домашние животные","slug":"domashnie-zhivotnye","icon":null,"description":"","sort":30},{"id":98,"parent_id":5,"title":"Корм для животных","slug":"korm-dlya-zhivotnyh","icon":null,"description":"","sort":30},{"id":99,"parent_id":5,"title":"Разное","slug":"zhivotnye-i-komnatnye-rasteniya-raznoe","icon":null,"description":"","sort":30},{"id":100,"parent_id":5,"title":"Растения комнатные","slug":"rasteniya-komnatnye","icon":null,"description":"","sort":30},{"id":101,"parent_id":5,"title":"Растения садовые","slug":"rasteniya-sadovye","icon":null,"description":"","sort":30},{"id":102,"parent_id":5,"title":"Товары для животных","slug":"tovary-dlya-zhivotnyh","icon":null,"description":"","sort":30},{"id":103,"parent_id":6,"title":"Игровые приставки","slug":"igrovye-pristavki","icon":null,"description":"","sort":30},{"id":104,"parent_id":6,"title":"Игры для Nintendo Wii","slug":"igry-dlya-nintendo-wii","icon":null,"description":"","sort":30},{"id":105,"parent_id":6,"title":"Игры для PS Vita","slug":"igry-dlya-ps-vita","icon":null,"description":"","sort":30},{"id":106,"parent_id":6,"title":"Игры для PSP","slug":"igry-dlya-psp","icon":null,"description":"","sort":30},{"id":107,"parent_id":6,"title":"Игры для Sony PlayStation 2","slug":"igry-dlya-sony-playstation-2","icon":null,"description":"","sort":30},{"id":108,"parent_id":6,"title":"Игры для Sony PlayStation 3","slug":"igry-dlya-sony-playstation-3","icon":null,"description":"","sort":30},{"id":109,"parent_id":6,"title":"Игры для Sony PlayStation 4","slug":"igry-dlya-sony-playstation-4","icon":null,"description":"","sort":30},{"id":110,"parent_id":6,"title":"Игры для Sony PlayStation 5","slug":"igry-dlya-sony-playstation-5","icon":null,"description":"","sort":30},{"id":111,"parent_id":6,"title":"Игры для Xbox","slug":"igry-dlya-xbox","icon":null,"description":"","sort":30},{"id":112,"parent_id":6,"title":"Игры для телефонов","slug":"igry-dlya-telefonov","icon":null,"description":"","sort":30},{"id":113,"parent_id":6,"title":"Компьютерные игры","slug":"kompyuternye-igry","icon":null,"description":"","sort":30},{"id":114,"parent_id":6,"title":"Лотереи и розыгрыши","slug":"loterei-i-rozygryshi","icon":null,"description":"","sort":30},{"id":115,"parent_id":6,"title":"На природе","slug":"na-prirode","icon":null,"description":"","sort":30},{"id":116,"parent_id":6,"title":"Настольные игры","slug":"nastolnye-igry","icon":null,"description":"","sort":30},{"id":117,"parent_id":6,"title":"Разное","slug":"igry-raznoe","icon":null,"description":"","sort":30},{"id":118,"parent_id":7,"title":"Веб-мастеру","slug":"veb-masteru","icon":null,"description":"","sort":30},{"id":119,"parent_id":7,"title":"Интернет-магазины","slug":"internet-magaziny","icon":null,"description":"","sort":30},{"id":120,"parent_id":7,"title":"Онлайн-сервисы","slug":"onlayn-servisy","icon":null,"description":"","sort":30},{"id":121,"parent_id":7,"title":"Разное","slug":"internet-i-sayty-raznoe","icon":null,"description":"","sort":30},{"id":122,"parent_id":8,"title":"Аудиокниги","slug":"audioknigi","icon":null,"description":"","sort":30},{"id":123,"parent_id":8,"title":"Газеты","slug":"gazety","icon":null,"description":"","sort":30},{"id":124,"parent_id":8,"title":"Журналы","slug":"zhurnaly","icon":null,"description":"","sort":30},{"id":125,"parent_id":8,"title":"Каталоги продукции","slug":"katalogi-produkcii","icon":null,"description":"","sort":30},{"id":126,"parent_id":8,"title":"Книги","slug":"knigi","icon":null,"description":"","sort":30},{"id":127,"parent_id":8,"title":"Писатели","slug":"pisateli","icon":null,"description":"","sort":30},{"id":128,"parent_id":8,"title":"Разное","slug":"knigi-zhurnaly-raznoe","icon":null,"description":"","sort":30},{"id":129,"parent_id":9,"title":"Аксессуары","slug":"kompyutery-i-programmy-aksessuary","icon":null,"description":"","sort":30},{"id":130,"parent_id":9,"title":"Акустика для компьютеров","slug":"akustika-dlya-kompyuterov","icon":null,"description":"","sort":30},{"id":131,"parent_id":9,"title":"Веб-камеры","slug":"veb-kamery","icon":null,"description":"","sort":30},{"id":132,"parent_id":9,"title":"Внешние USB-накопители","slug":"vneshnie-usb-nakopiteli","icon":null,"description":"","sort":30},{"id":133,"parent_id":9,"title":"Источники бесперебойного питания (UPS)","slug":"istochniki-bespereboynogo-pitaniya-ups","icon":null,"description":"","sort":30},{"id":134,"parent_id":9,"title":"Карманные ПК","slug":"karmannye-pk","icon":null,"description":"","sort":30},{"id":135,"parent_id":9,"title":"Карты памяти","slug":"karty-pamyati","icon":null,"description":"","sort":30},{"id":136,"parent_id":9,"title":"Комплектующие","slug":"komplektuyushchie","icon":null,"description":"","sort":30},{"id":137,"parent_id":9,"title":"Манипуляторы и клавиатуры","slug":"manipulyatory-i-klaviatury","icon":null,"description":"","sort":30},{"id":138,"parent_id":9,"title":"Мониторы","slug":"monitory","icon":null,"description":"","sort":30},{"id":139,"parent_id":9,"title":"Моноблоки","slug":"monobloki","icon":null,"description":"","sort":30},{"id":140,"parent_id":9,"title":"Мультимедиа","slug":"multimedia","icon":null,"description":"","sort":30},{"id":141,"parent_id":9,"title":"Настольные компьютеры","slug":"nastolnye-kompyutery","icon":null,"description":"","sort":30},{"id":142,"parent_id":9,"title":"Нетбуки","slug":"netbuki","icon":null,"description":"","sort":30},{"id":143,"parent_id":9,"title":"Ноутбуки","slug":"noutbuki","icon":null,"description":"","sort":30},{"id":144,"parent_id":9,"title":"Планшетные ПК","slug":"planshetnye-pk","icon":null,"description":"","sort":30},{"id":145,"parent_id":9,"title":"Принтеры и МФУ","slug":"printery-i-mfu","icon":null,"description":"","sort":30},{"id":146,"parent_id":9,"title":"Программное обеспечение","slug":"programmnoe-obespechenie","icon":null,"description":"","sort":30},{"id":147,"parent_id":9,"title":"Разное","slug":"kompyutery-i-programmy-raznoe","icon":null,"description":"","sort":30},{"id":148,"parent_id":9,"title":"Расходные материалы","slug":"rashodnye-materialy","icon":null,"description":"","sort":30},{"id":149,"parent_id":9,"title":"Режущие плоттеры","slug":"rezhushchie-plottery","icon":null,"description":"","sort":30},{"id":150,"parent_id":9,"title":"Серверы","slug":"servery","icon":null,"description":"","sort":30},{"id":151,"parent_id":9,"title":"Сетевое оборудование","slug":"setevoe-oborudovanie","icon":null,"description":"","sort":30},{"id":152,"parent_id":9,"title":"Сканеры","slug":"skanery","icon":null,"description":"","sort":30},{"id":153,"parent_id":9,"title":"Устройства для чтения карт памяти","slug":"ustroystva-dlya-chteniya-kart-pamyati","icon":null,"description":"","sort":30},{"id":154,"parent_id":9,"title":"Электронные книги","slug":"elektronnye-knigi","icon":null,"description":"","sort":30},{"id":155,"parent_id":10,"title":"Альтернативная медицина","slug":"alternativnaya-medicina","icon":null,"description":"","sort":30},{"id":156,"parent_id":10,"title":"Косметика декоративная","slug":"kosmetika-dekorativnaya","icon":null,"description":"","sort":30},{"id":157,"parent_id":10,"title":"Косметика ухаживающая","slug":"kosmetika-uhazhivayushchaya","icon":null,"description":"","sort":30},{"id":158,"parent_id":10,"title":"Косметические принадлежности","slug":"kosmeticheskie-prinadlezhnosti","icon":null,"description":"","sort":30},{"id":159,"parent_id":10,"title":"Косметические процедуры","slug":"kosmeticheskie-procedury","icon":null,"description":"","sort":30},{"id":160,"parent_id":10,"title":"Лекарственные средства","slug":"lekarstvennye-sredstva","icon":null,"description":"","sort":30},{"id":161,"parent_id":10,"title":"Методы лечения и операции","slug":"metody-lecheniya-i-operacii","icon":null,"description":"","sort":30},{"id":162,"parent_id":10,"title":"Очки и контактные линзы","slug":"ochki-i-kontaktnye-linzy","icon":null,"description":"","sort":30},{"id":163,"parent_id":10,"title":"Парфюмерия и дезодоранты","slug":"parfyumeriya-i-dezodoranty","icon":null,"description":"","sort":30},{"id":164,"parent_id":10,"title":"Средства гигиены","slug":"krasota-i-zdorove-sredstva-gigieny","icon":null,"description":"","sort":30},{"id":165,"parent_id":10,"title":"Средства для похудения","slug":"sredstva-dlya-pohudeniya","icon":null,"description":"","sort":30},{"id":166,"parent_id":10,"title":"Средства контрацепции","slug":"sredstva-kontracepcii","icon":null,"description":"","sort":30},{"id":167,"parent_id":10,"title":"Средства увеличения груди","slug":"sredstva-uvelicheniya-grudi","icon":null,"description":"","sort":30},{"id":168,"parent_id":10,"title":"Стрижки и прически для волос","slug":"strizhki-i-pricheski-dlya-volos","icon":null,"description":"","sort":30},{"id":169,"parent_id":11,"title":"Аксессуары","slug":"odezhda-i-obuv-aksessuary","icon":null,"description":"","sort":30},{"id":170,"parent_id":11,"title":"Обувь детская","slug":"obuv-detskaya","icon":null,"description":"","sort":30},{"id":171,"parent_id":11,"title":"Обувь женская","slug":"obuv-zhenskaya","icon":null,"description":"","sort":30},{"id":172,"parent_id":11,"title":"Обувь мужская","slug":"obuv-muzhskaya","icon":null,"description":"","sort":30},{"id":173,"parent_id":11,"title":"Одежда детская","slug":"odezhda-detskaya","icon":null,"description":"","sort":30},{"id":174,"parent_id":11,"title":"Одежда женская","slug":"odezhda-zhenskaya","icon":null,"description":"","sort":30},{"id":175,"parent_id":11,"title":"Одежда мужская","slug":"odezhda-muzhskaya","icon":null,"description":"","sort":30},{"id":176,"parent_id":11,"title":"Разное","slug":"odezhda-i-obuv-raznoe","icon":null,"description":"","sort":30},{"id":177,"parent_id":12,"title":"Антистрессовые и релаксирующие сувениры","slug":"antistressovye-i-relaksiruyushchie-suveniry","icon":null,"description":"","sort":30},{"id":178,"parent_id":12,"title":"Интимные подарки","slug":"intimnye-podarki","icon":null,"description":"","sort":30},{"id":179,"parent_id":12,"title":"Подарки по рекламной акции","slug":"podarki-po-reklamnoy-akcii","icon":null,"description":"","sort":30},{"id":180,"parent_id":12,"title":"Разное","slug":"podarki-i-suveniry-raznoe","icon":null,"description":"","sort":30},{"id":181,"parent_id":12,"title":"Табачные изделия","slug":"tabachnye-izdeliya","icon":null,"description":"","sort":30},{"id":182,"parent_id":12,"title":"Товары для рукоделия","slug":"tovary-dlya-rukodeliya","icon":null,"description":"","sort":30},{"id":183,"parent_id":12,"title":"Часы","slug":"chasy","icon":null,"description":"","sort":30},{"id":184,"parent_id":12,"title":"Ювелирные украшения и бижутерия","slug":"yuvelirnye-ukrasheniya-i-bizhuteriya","icon":null,"description":"","sort":30},{"id":185,"parent_id":13,"title":"Алкоголь","slug":"alkogol","icon":null,"description":"","sort":30},{"id":186,"parent_id":13,"title":"Десерты","slug":"deserty","icon":null,"description":"","sort":30},{"id":187,"parent_id":13,"title":"Детское питание","slug":"detskoe-pitanie","icon":null,"description":"","sort":30},{"id":188,"parent_id":13,"title":"Закуски","slug":"zakuski","icon":null,"description":"","sort":30},{"id":189,"parent_id":13,"title":"Консервы","slug":"konservy","icon":null,"description":"","sort":30},{"id":190,"parent_id":13,"title":"Крупы и макаронные изделия","slug":"krupy-i-makaronnye-izdeliya","icon":null,"description":"","sort":30},{"id":191,"parent_id":13,"title":"Молочные продукты","slug":"molochnye-produkty","icon":null,"description":"","sort":30},{"id":192,"parent_id":13,"title":"Мясо и колбасы","slug":"myaso-i-kolbasy","icon":null,"description":"","sort":30},{"id":193,"parent_id":13,"title":"Напитки","slug":"napitki","icon":null,"description":"","sort":30},{"id":194,"parent_id":13,"title":"Национальные блюда","slug":"nacionalnye-blyuda","icon":null,"description":"","sort":30},{"id":195,"parent_id":13,"title":"Овощи и фрукты","slug":"ovoshchi-i-frukty","icon":null,"description":"","sort":30},{"id":196,"parent_id":13,"title":"Орехи и семечки","slug":"orehi-i-semechki","icon":null,"description":"","sort":30},{"id":197,"parent_id":13,"title":"Пищевые добавки","slug":"pishchevye-dobavki","icon":null,"description":"","sort":30},{"id":198,"parent_id":13,"title":"Полуфабрикаты","slug":"polufabrikaty","icon":null,"description":"","sort":30},{"id":199,"parent_id":13,"title":"Приправы и специи","slug":"pripravy-i-specii","icon":null,"description":"","sort":30},{"id":200,"parent_id":13,"title":"Разное","slug":"produkty-pitaniya-raznoe","icon":null,"description":"","sort":30},{"id":201,"parent_id":13,"title":"Растительные масла","slug":"rastitelnye-masla","icon":null,"description":"","sort":30},{"id":202,"parent_id":13,"title":"Сахар и сахарозаменители","slug":"sahar-i-saharozameniteli","icon":null,"description":"","sort":30},{"id":203,"parent_id":13,"title":"Соусы и подливы","slug":"sousy-i-podlivy","icon":null,"description":"","sort":30},{"id":204,"parent_id":13,"title":"Хлебобулочные изделия","slug":"hlebobulochnye-izdeliya","icon":null,"description":"","sort":30},{"id":205,"parent_id":14,"title":"Агентства и компании","slug":"agentstva-i-kompanii","icon":null,"description":"","sort":30},{"id":206,"parent_id":14,"title":"Кемпинги, туристические базы отдыха","slug":"kempingi-turisticheskie-bazy-otdyha","icon":null,"description":"","sort":30},{"id":207,"parent_id":14,"title":"Курорты и экскурсии","slug":"kurorty-i-ekskursii","icon":null,"description":"","sort":30},{"id":208,"parent_id":14,"title":"Отели, гостиницы, санатории","slug":"oteli-gostinicy-sanatorii","icon":null,"description":"","sort":30},{"id":209,"parent_id":14,"title":"Туры и круизы","slug":"tury-i-kruizy","icon":null,"description":"","sort":30},{"id":210,"parent_id":14,"title":"Фестивали и праздники","slug":"festivali-i-prazdniki","icon":null,"description":"","sort":30},{"id":211,"parent_id":15,"title":"Производство","slug":"proizvodstvo","icon":null,"description":"","sort":30},{"id":212,"parent_id":15,"title":"Работа на дому","slug":"rabota-na-domu","icon":null,"description":"","sort":30},{"id":213,"parent_id":15,"title":"Связь и интернет","slug":"svyaz-i-internet","icon":null,"description":"","sort":30},{"id":214,"parent_id":16,"title":"Велосипеды","slug":"velosipedy","icon":null,"description":"","sort":30},{"id":215,"parent_id":16,"title":"Виды спорта","slug":"vidy-sporta","icon":null,"description":"","sort":30},{"id":216,"parent_id":16,"title":"Палатки и шатры","slug":"palatki-i-shatry","icon":null,"description":"","sort":30},{"id":217,"parent_id":16,"title":"Разное","slug":"sport-i-aktivnyy-otdyh-raznoe","icon":null,"description":"","sort":30},{"id":218,"parent_id":16,"title":"Рыболовное снаряжение","slug":"rybolovnoe-snaryazhenie","icon":null,"description":"","sort":30},{"id":219,"parent_id":16,"title":"Снаряжение для плавания и дайвинга","slug":"snaryazhenie-dlya-plavaniya-i-dayvinga","icon":null,"description":"","sort":30},{"id":220,"parent_id":16,"title":"Спортивное питание","slug":"sportivnoe-pitanie","icon":null,"description":"","sort":30},{"id":221,"parent_id":16,"title":"Спортивное снаряжение и тренажеры","slug":"sportivnoe-snaryazhenie-i-trenazhery","icon":null,"description":"","sort":30},{"id":222,"parent_id":16,"title":"Спортивные средства передвижения","slug":"sportivnye-sredstva-peredvizheniya","icon":null,"description":"","sort":30},{"id":223,"parent_id":16,"title":"Стрельба","slug":"strelba","icon":null,"description":"","sort":30},{"id":224,"parent_id":16,"title":"Туристическое снаряжение","slug":"turisticheskoe-snaryazhenie","icon":null,"description":"","sort":30},{"id":225,"parent_id":17,"title":"Аудио","slug":"audio","icon":null,"description":"","sort":30},{"id":226,"parent_id":17,"title":"Бытовая техника для индивидуального ухода","slug":"bytovaya-tehnika-dlya-individualnogo-uhoda","icon":null,"description":"","sort":30},{"id":227,"parent_id":17,"title":"Бытовая техника для кухни","slug":"bytovaya-tehnika-dlya-kuhni","icon":null,"description":"","sort":30},{"id":228,"parent_id":17,"title":"Бытовая техника для одежды и обуви","slug":"bytovaya-tehnika-dlya-odezhdy-i-obuvi","icon":null,"description":"","sort":30},{"id":229,"parent_id":17,"title":"Бытовая техника для помещений","slug":"bytovaya-tehnika-dlya-pomeshcheniy","icon":null,"description":"","sort":30},{"id":230,"parent_id":17,"title":"Видео","slug":"video","icon":null,"description":"","sort":30},{"id":231,"parent_id":17,"title":"Канцелярские изделия","slug":"kancelyarskie-izdeliya","icon":null,"description":"","sort":30},{"id":232,"parent_id":17,"title":"Кронштейны","slug":"kronshteyny","icon":null,"description":"","sort":30},{"id":233,"parent_id":17,"title":"Медицинское оборудование","slug":"medicinskoe-oborudovanie","icon":null,"description":"","sort":30},{"id":234,"parent_id":17,"title":"Музыкальные инструменты","slug":"muzykalnye-instrumenty","icon":null,"description":"","sort":30},{"id":235,"parent_id":17,"title":"Оборудование для спецэффектов","slug":"oborudovanie-dlya-speceffektov","icon":null,"description":"","sort":30},{"id":236,"parent_id":17,"title":"Офисная техника","slug":"ofisnaya-tehnika","icon":null,"description":"","sort":30},{"id":237,"parent_id":17,"title":"Портативная аудиотехника","slug":"portativnaya-audiotehnika","icon":null,"description":"","sort":30},{"id":238,"parent_id":17,"title":"Промышленное оборудование","slug":"promyshlennoe-oborudovanie","icon":null,"description":"","sort":30},{"id":239,"parent_id":17,"title":"Разное","slug":"tehnika-i-oborudovanie-raznoe","icon":null,"description":"","sort":30},{"id":240,"parent_id":17,"title":"Средства связи","slug":"sredstva-svyazi","icon":null,"description":"","sort":30},{"id":241,"parent_id":17,"title":"Строительный инструмент и оборудование","slug":"stroitelnyy-instrument-i-oborudovanie","icon":null,"description":"","sort":30},{"id":242,"parent_id":17,"title":"Счетчики бытовые","slug":"schetchiki-bytovye","icon":null,"description":"","sort":30},{"id":243,"parent_id":17,"title":"Техника для дачи","slug":"tehnika-dlya-dachi","icon":null,"description":"","sort":30},{"id":244,"parent_id":17,"title":"Фото и оптика","slug":"foto-i-optika","icon":null,"description":"","sort":30},{"id":245,"parent_id":17,"title":"Электронные приборы","slug":"elektronnye-pribory","icon":null,"description":"","sort":30},{"id":246,"parent_id":18,"title":"Разное","slug":"filmy-video-i-tv-raznoe","icon":null,"description":"","sort":30},{"id":247,"parent_id":18,"title":"Телевидение и видеоканалы","slug":"televidenie-i-videokanaly","icon":null,"description":"","sort":30},{"id":248,"parent_id":18,"title":"Фильмы и видео","slug":"filmy-i-video","icon":null,"description":"","sort":30},{"id":249,"parent_id":19,"title":"Банки","slug":"banki","icon":null,"description":"","sort":30},{"id":250,"parent_id":19,"title":"Денежные переводы","slug":"denezhnye-perevody","icon":null,"description":"","sort":30},{"id":251,"parent_id":19,"title":"Инвестиции","slug":"investicii","icon":null,"description":"","sort":30},{"id":252,"parent_id":19,"title":"Коллекторские агентства","slug":"kollektorskie-agentstva","icon":null,"description":"","sort":30},{"id":253,"parent_id":19,"title":"Кредитование и лизинг","slug":"kreditovanie-i-lizing","icon":null,"description":"","sort":30},{"id":254,"parent_id":19,"title":"Криптовалюта","slug":"kriptovalyuta","icon":null,"description":"","sort":30},{"id":255,"parent_id":19,"title":"Пластиковые карты","slug":"plastikovye-karty","icon":null,"description":"","sort":30},{"id":256,"parent_id":19,"title":"Платежные системы","slug":"platezhnye-sistemy","icon":null,"description":"","sort":30},{"id":257,"parent_id":19,"title":"Разное","slug":"finansovye-uslugi-raznoe","icon":null,"description":"","sort":30}]